INSERT INTO Pessoa (nomeCompleto, CPF, dataNascimento, CEP, Numero)
VALUES ("Wallace Soares", "11111111111", SUBDATE(NOW(), INTERVAL 24 YEAR), "52011050", "31");
INSERT INTO Pessoa (nomeCompleto, CPF, dataNascimento, CEP, Numero)
VALUES ("Eden Filho", "22222222222", SUBDATE(NOW(), INTERVAL 30 YEAR), "52086050", "312");
INSERT INTO Pessoa (nomeCompleto, CPF, dataNascimento, CEP, Numero, Complemento)
VALUES ("Julia Feitosa", "33333333333", SUBDATE(NOW(), INTERVAL 50 YEAR), "52054050", "311", "Apt 701");
INSERT INTO Pessoa (nomeCompleto, CPF, dataNascimento, CEP, Numero)
VALUES ("Pedro Basilio", "44444444444", SUBDATE(NOW(), INTERVAL 70 YEAR), "52013750", "431");
INSERT INTO Pessoa (nomeCompleto, CPF, dataNascimento, CEP, Numero)
VALUES ("Umdostrês de Oliveria Quatro", "55555555555", SUBDATE(NOW(), INTERVAL 35 YEAR), "52981050", "1");
INSERT INTO Pessoa (nomeCompleto, CPF, dataNascimento, CEP, Numero)
VALUES ("Xerox Silva", "66666666666", SUBDATE(NOW(), INTERVAL 56 YEAR), "55211050", "31321");
INSERT INTO Pessoa (nomeCompleto, CPF, dataNascimento, CEP, Numero)
VALUES ("Fotocopia Silva", "77777777777", SUBDATE(NOW(), INTERVAL 76 YEAR), "52009050", "3311");
INSERT INTO Pessoa (nomeCompleto, CPF, dataNascimento, CEP, Numero)
VALUES ("Mario Silva", "88888888888", SUBDATE(NOW(), INTERVAL 76 YEAR), "52009050", "3341211");
INSERT INTO Pessoa (nomeCompleto, CPF, dataNascimento, CEP, Numero)
VALUES ("Jeff Silva", "99999999999", SUBDATE(NOW(), INTERVAL 56 YEAR), "52009050", "334111");
INSERT INTO Pessoa (nomeCompleto, CPF, dataNascimento, CEP, Numero)
VALUES ("Roberta Silva", "00000000000", SUBDATE(NOW(), INTERVAL 46 YEAR), "52009050", "331141");
INSERT INTO Pessoa (nomeCompleto, CPF, dataNascimento, CEP, Numero)
VALUES ("Claudio Silva", "12345678901", SUBDATE(NOW(), INTERVAL 26 YEAR), "52009050", "334111");
INSERT INTO Pessoa (nomeCompleto, CPF, dataNascimento, CEP, Numero)
VALUES ("Karla Silva", "12745678901", SUBDATE(NOW(), INTERVAL 30 YEAR), "52009050", "333456111");
INSERT INTO Pessoa (nomeCompleto, CPF, dataNascimento, CEP, Numero)
VALUES ("Karl Marx", "12745288901", SUBDATE(NOW(), INTERVAL 80 YEAR), "52007050", "333111");
INSERT INTO Pessoa (nomeCompleto, CPF, dataNascimento, CEP, Numero, Complemento)
VALUES ("Roberto Carlos", "12745378901", SUBDATE(NOW(), INTERVAL 70 YEAR), "52086050", "333456111", "Apt 4501");
INSERT INTO Pessoa (nomeCompleto, CPF, dataNascimento, CEP, Numero, Complemento)
VALUES ("Roberto Carlos", "12745987901", SUBDATE(NOW(), INTERVAL 41 YEAR), "52086450", "1", "Apt 401");
INSERT INTO Pessoa (nomeCompleto, CPF, dataNascimento, CEP, Numero, Complemento)
VALUES ("Roberto Junior", "12925378901", SUBDATE(NOW(), INTERVAL 65 YEAR), "52083450", "S/N", "Apt 4");
INSERT INTO Pessoa (nomeCompleto, CPF, dataNascimento, CEP, Numero, Complemento)
VALUES ("Roberto João", "12990378901", SUBDATE(NOW(), INTERVAL 18 YEAR), "53183450", "101", "Apt 101");
INSERT INTO Pessoa (nomeCompleto, CPF, dataNascimento, CEP, Numero, Complemento)
VALUES ("Roberto Roberta", "12745378901", SUBDATE(NOW(), INTERVAL 23 YEAR), "52095850", "101", "Apt 4");
INSERT INTO Pessoa (nomeCompleto, CPF, dataNascimento, CEP, Numero, Complemento)
VALUES ("Julia Roberta", "12746728901", SUBDATE(NOW(), INTERVAL 30 YEAR), "52095650", "101", "Apt 4");
INSERT INTO Pessoa (nomeCompleto, CPF, dataNascimento, CEP, Numero, Complemento)
VALUES ("Julia Claudia", "12746722201", SUBDATE(NOW(), INTERVAL 25 YEAR), "52765650", "101", "Apt 4");
INSERT INTO Pessoa (nomeCompleto, CPF, dataNascimento, CEP, Numero, Complemento) 
VALUES ("Eduardo Peixoto", "34567823412", SUBDATE(NOW(), INTERVAL 30 YEAR), "52765650", "101", "Apt 4");
INSERT INTO Pessoa (nomeCompleto, CPF, dataNascimento, CEP, Numero, Complemento) 
VALUES ("Rita Lobo", "10928374657", SUBDATE(NOW(), INTERVAL 30 YEAR), "52765650", "101", "Apt 4");
INSERT INTO Pessoa (nomeCompleto, CPF, dataNascimento, CEP, Numero, Complemento) 
VALUES ("Joao Claudio", "92837461234", SUBDATE(NOW(), INTERVAL 30 YEAR), "52765650", "101", "Apt 4");


INSERT INTO Funcionario (matricula, data_admissao, data_demissao, CNTPS, salario, carga_horaria, CPF_Funcionario) 
VALUES ("213187312", SUBDATE(NOW(), INTERVAL 5 YEAR), NULL, "52009089", 3311, 40, "34567823412");
INSERT INTO Funcionario (matricula, data_admissao, data_demissao, CNTPS, salario, carga_horaria, CPF_Funcionario)
VALUES ("2131821311", SUBDATE(NOW(), INTERVAL 5 YEAR), NULL, "57709089", 3311, 40, "10928374657");
INSERT INTO Funcionario (matricula, data_admissao, data_demissao, CNTPS, salario, carga_horaria, CPF_Funcionario) 
VALUES ("2139991311", SUBDATE(NOW(), INTERVAL 5 YEAR), NULL, "58769089", 3311, 40, "92837461234");
INSERT INTO Funcionario (matricula, data_admissao, data_demissao, CNTPS, salario, carga_horaria, CPF_Funcionario)
VALUES ("913728461928", SUBDATE(NOW(), INTERVAL 5 YEAR), NULL, "52009050", 3311, 40, "77777777777");
INSERT INTO Funcionario (matricula, data_admissao, data_demissao, CNTPS, salario, carga_horaria, CPF_Funcionario)
VALUES ("913728467628", SUBDATE(NOW(), INTERVAL 3 YEAR), NULL, "52003460", 3311, 40, "66666666666");
INSERT INTO Funcionario (matricula, data_admissao, data_demissao, CNTPS, salario, carga_horaria, CPF_Funcionario)
VALUES ("9137284656428", SUBDATE(NOW(), INTERVAL 10 YEAR), NULL, "52006540", 3311, 40, "55555555555");
INSERT INTO Funcionario (matricula, data_admissao, data_demissao, CNTPS, salario, carga_horaria, CPF_Funcionario)
VALUES ("91656428", SUBDATE(NOW(), INTERVAL 30 YEAR), NULL, "53406540", 3311, 40, "44444444444");
INSERT INTO Funcionario (matricula, data_admissao, data_demissao, CNTPS, salario, carga_horaria, CPF_Funcionario)
VALUES ("916428", SUBDATE(NOW(), INTERVAL 10 YEAR), NULL, "53404540", 3311, 40, "11111111111");
INSERT INTO Funcionario (matricula, data_admissao, data_demissao, CNTPS, salario, carga_horaria, CPF_Funcionario)
VALUES ("911326428", SUBDATE(NOW(), INTERVAL 2 YEAR), NULL, "53414540", 3311, 40, "88888888888");
INSERT INTO Funcionario (matricula, data_admissao, data_demissao, CNTPS, salario, carga_horaria, CPF_Funcionario)
VALUES ("9113261428", SUBDATE(NOW(), INTERVAL 2 YEAR), NULL, "52340", 3311, 40, "99999999999");
INSERT INTO Funcionario (matricula, data_admissao, data_demissao, CNTPS, salario, carga_horaria, CPF_Funcionario)
VALUES ("113261428", SUBDATE(NOW(), INTERVAL 5 YEAR), NULL, "5341340", 3311, 40, "00000000000");
INSERT INTO Funcionario (matricula, data_admissao, data_demissao, CNTPS, salario, carga_horaria, CPF_Funcionario)
VALUES ("111428", SUBDATE(NOW(), INTERVAL 30 YEAR), NULL, "5340", 3311, 40, "12345678901");
INSERT INTO Funcionario (matricula, data_admissao, data_demissao, CNTPS, salario, carga_horaria, CPF_Funcionario)
VALUES ("111312428", SUBDATE(NOW(), INTERVAL 10 YEAR), NULL, "53420", 3311, 40, "12745678901");
INSERT INTO Funcionario (matricula, data_admissao, data_demissao, CNTPS, salario, carga_horaria, CPF_Funcionario)
VALUES ("112428", SUBDATE(NOW(), INTERVAL 10 YEAR), NULL, "5321420", 1000, 30, "12745288901");
INSERT INTO Funcionario (matricula, data_admissao, data_demissao, CNTPS, salario, carga_horaria, CPF_Funcionario)
VALUES ("1113", SUBDATE(NOW(), INTERVAL 5 YEAR), NULL, "520", 2000, 35, "12745378901");
INSERT INTO Funcionario (matricula, data_admissao, data_demissao, CNTPS, salario, carga_horaria, CPF_Funcionario)
VALUES ("111213", SUBDATE(NOW(), INTERVAL 10 YEAR), NULL, "521230", 2000, 35, "12746728901");

INSERT INTO Tecnico (registro, matricula_tecnico) VALUES ("123456", "913728461928");
INSERT INTO Tecnico (registro, matricula_tecnico) VALUES ("12345", "911326428");
INSERT INTO Tecnico (registro, matricula_tecnico) VALUES ("12346", "9113261428");

INSERT INTO Medico (CRM, Especialidade, matricula_medico) VALUES ("1234567890", "Clinico Geral", "913728467628");
INSERT INTO Medico (CRM, Especialidade, matricula_medico) VALUES ("1234517890", "Clinico Geral", "113261428");
INSERT INTO Medico (CRM, Especialidade, matricula_medico) VALUES ("1234564890", "Clinico Geral", "111428");
INSERT INTO Medico (CRM, Especialidade, matricula_medico) VALUES ("9876543210", "Psiquiatra", "213187312");
INSERT INTO Medico (CRM, Especialidade, matricula_medico) VALUES ("8876543219", "Psiquiatra", "2131821311");
INSERT INTO Medico (CRM, Especialidade, matricula_medico) VALUES ("7654132909", "Endocrinologista", "2139991311");


INSERT INTO Enfermeiro (CRE, Especialidade, matricula_enfermeiro) VALUES ("1234567890", "Generalista", "9137284656428");
INSERT INTO Enfermeiro (CRE, Especialidade, matricula_enfermeiro) VALUES ("1234767890", "Pediatra", "916428");
INSERT INTO Enfermeiro (CRE, Especialidade, matricula_enfermeiro) VALUES ("12347690", "Cardiologia", "111312428");
INSERT INTO Enfermeiro (CRE, Especialidade, matricula_enfermeiro) VALUES ("12123690", "Cardiologia", "111213");

INSERT INTO Funcionario_Paciente(tempo_de_dispensa, matricula_funcionario) VALUES (30, "91656428");
INSERT INTO Funcionario_Paciente(tempo_de_dispensa, matricula_funcionario) VALUES (30, "112428");
INSERT INTO Funcionario_Paciente(tempo_de_dispensa, matricula_funcionario) VALUES (30, "1113");

INSERT INTO Paciente (data_entrada, data_saida, CPF_Paciente) VALUES (NOW(), NULL, "33333333333");
INSERT INTO Paciente (data_entrada, data_saida, CPF_Paciente) VALUES (SUBDATE(NOW(), INTERVAL 1 MONTH), NULL, "12745987901");
INSERT INTO Paciente (data_entrada, data_saida, CPF_Paciente) VALUES (SUBDATE(NOW(), INTERVAL 1 YEAR), NULL, "12925378901");

INSERT INTO Acompanhante(CPF_Acompanhante) VALUES ("22222222222");
INSERT INTO Acompanhante(CPF_Acompanhante) VALUES ("12990378901");
INSERT INTO Acompanhante(CPF_Acompanhante) VALUES ("12745378901");
INSERT INTO Acompanhante(CPF_Acompanhante) VALUES ("12746722201");

INSERT INTO Acompanha(CPF_Paciente, CPF_Acompanhante) VALUES ("33333333333", "22222222222");
INSERT INTO Acompanha(CPF_Paciente, CPF_Acompanhante) VALUES ("12745987901", "12990378901");
INSERT INTO Acompanha(CPF_Paciente, CPF_Acompanhante) VALUES ("12925378901", "12745378901");
INSERT INTO Acompanha(CPF_Paciente, CPF_Acompanhante) VALUES ("12925378901", "12746722201");

INSERT INTO Cuida (CPF_Paciente, matricula_enfermeiro) VALUES ("22222222222", "9137284656428");
INSERT INTO Cuida (CPF_Paciente, matricula_enfermeiro) VALUES ("22222222222", "916428");
INSERT INTO Cuida (CPF_Paciente, matricula_enfermeiro) VALUES ("22222222222", "111312428");

INSERT INTO Chefia (matricula_enfermeiro_chefe, matricula_enfermeiro_chefiado) VALUES ("9137284656428", "111312428");
INSERT INTO Chefia (matricula_enfermeiro_chefe, matricula_enfermeiro_chefiado) VALUES ("9137284656428", "916428");
INSERT INTO Chefia (matricula_enfermeiro_chefe, matricula_enfermeiro_chefiado) VALUES ("9137284656428", "111213");

INSERT INTO Leito (id, ocupado) VALUES ("1", TRUE);
INSERT INTO Leito (id, ocupado) VALUES ("2", TRUE);
INSERT INTO Leito (id, ocupado) VALUES ("3", TRUE);
INSERT INTO Leito (id, ocupado) VALUES ("4", FALSE);

INSERT INTO Ocupa (CPF_Paciente, leito_ID) VALUES ("33333333333", "1");
INSERT INTO Ocupa (CPF_Paciente, leito_ID) VALUES ("12745987901", "2");
INSERT INTO Ocupa (CPF_Paciente, leito_ID) VALUES ("12925378901", "3");

INSERT INTO Prontuario(codigo, matricula_medico, descricaoAtendimento, hipotesesDiagnosticadas, diagnosticoDefinitivo, data_entrada, data_saida)
VALUES (UUID(), "913728467628", "Sintomas de COVID", NULL, NULL, NOW(), NULL);
INSERT INTO Prontuario(codigo, matricula_medico, descricaoAtendimento, hipotesesDiagnosticadas, diagnosticoDefinitivo, data_entrada, data_saida)
VALUES (UUID(), "113261428", "Sintomas de COVID", NULL, NULL, SUBDATE(NOW(), INTERVAL 1 MONTH), NULL);
INSERT INTO Prontuario(codigo, matricula_medico, descricaoAtendimento, hipotesesDiagnosticadas, diagnosticoDefinitivo, data_entrada, data_saida)
VALUES (UUID(), "111428", "Sintomas de COVID", NULL, NULL, SUBDATE(NOW(), INTERVAL 1 YEAR), NULL);

INSERT INTO Possui (CPF_Paciente, codigo_prontuario) VALUES ("33333333333", (SELECT codigo FROM Prontuario WHERE matricula_medico="913728467628"));
INSERT INTO Possui (CPF_Paciente, codigo_prontuario) VALUES ("12745987901", (SELECT codigo FROM Prontuario WHERE matricula_medico="113261428"));
INSERT INTO Possui (CPF_Paciente, codigo_prontuario) VALUES ("12925378901", (SELECT codigo FROM Prontuario WHERE matricula_medico="111428"));

INSERT INTO Remedio (registroMS, droga, nome_comercial) VALUES ("1234567890112", "Cloroquina", "Nao serve para COVID");
INSERT INTO Remedio (registroMS, droga, nome_comercial) VALUES ("1234567881212", "Ivermectina", "Nao serve para COVID");
INSERT INTO Remedio (registroMS, droga, nome_comercial) VALUES ("1854567890112", "Azitromicina", "Nao serve para COVID");

INSERT INTO Consulta (id, CPF_Paciente, matricula_medico) VALUES (UUID(), "33333333333", "913728467628");
INSERT INTO Consulta (id, CPF_Paciente, matricula_medico) VALUES (UUID(), "12745987901", "113261428");
INSERT INTO Consulta (id, CPF_Paciente, matricula_medico) VALUES (UUID(), "12925378901", "111428");

INSERT INTO Exame (codigo, matricula_func, info_exame, data_requisicao, data_realizacao, data_resultado) VALUES (UUID(), "913728461928", "Exame de COVID", NOW(), NOW(), NOW());
INSERT INTO Exame (codigo, matricula_func, info_exame, data_requisicao, data_realizacao, data_resultado) VALUES (UUID(), "911326428", "Exame de COVID", NOW(), NOW(), NOW());
INSERT INTO Exame (codigo, matricula_func, info_exame, data_requisicao, data_realizacao, data_resultado) VALUES (UUID(), "9113261428", "Exame de COVID", NOW(), NOW(), NOW());

INSERT INTO Executa (CPF_Paciente, codigo_exame, matricula_tecnico) VALUES ("33333333333", (SELECT codigo FROM Exame WHERE matricula_func="913728461928"), "913728461928");
INSERT INTO Executa (CPF_Paciente, codigo_exame, matricula_tecnico) VALUES ("33333333333", (SELECT codigo FROM Exame WHERE matricula_func="911326428"), "911326428");
INSERT INTO Executa (CPF_Paciente, codigo_exame, matricula_tecnico) VALUES ("33333333333", (SELECT codigo FROM Exame WHERE matricula_func="9113261428"), "9113261428");

INSERT INTO Prescreve (id_consulta, registroMS) VALUES ((SELECT id FROM Consulta WHERE CPF_Paciente="33333333333"), "1234567890112");
INSERT INTO Prescreve (id_consulta, registroMS) VALUES ((SELECT id FROM Consulta WHERE CPF_Paciente="12745987901"), "1234567890112");
INSERT INTO Prescreve (id_consulta, registroMS) VALUES ((SELECT id FROM Consulta WHERE CPF_Paciente="12925378901"), "1234567890112");

